Date,Open,High,Low,Close,Volume,Dividends,Stock Splits
2016-07-12,1.3247,1.3495,1.3247,1.3329,7990692,0.0,0
2016-07-13,1.3412,1.3578,1.3412,1.3495,4164953,0.0,0
2016-07-14,1.3495,1.3495,1.3329,1.3412,2655911,0.0,0
2016-07-15,1.3495,1.3495,1.3329,1.3412,1594221,0.0,0
2016-07-18,1.3412,1.3495,1.3412,1.3495,1024708,0.0,0
2016-07-19,1.3495,1.3495,1.3412,1.3495,1463658,0.0,0
2016-07-20,1.3495,1.3661,1.3495,1.3661,756498,0.0,0
2016-07-21,1.3661,1.3661,1.3578,1.3578,1066322,0.0,0
2016-07-22,1.3578,1.3826,1.3578,1.3826,3457943,0.0,0
2016-07-25,1.3743,1.3743,1.3743,1.3743,401984,0.0,0
2016-07-26,1.3661,1.3826,1.3661,1.3826,2941922,0.0,0
2016-07-27,1.3743,1.3826,1.3661,1.3661,543930,0.0,0
2016-07-28,1.3743,1.3743,1.3578,1.3578,264944,0.0,0
2016-07-29,1.3661,1.3661,1.3578,1.3661,599299,0.0,0
2016-08-01,1.3661,1.3661,1.3578,1.3661,617319,0.0,0
2016-08-02,1.3661,1.3661,1.3578,1.3661,1586878,0.0,0
2016-08-03,1.3578,1.3578,1.3495,1.3578,908705,0.0,0
2016-08-04,1.3495,1.3578,1.3495,1.3495,240252,0.0,0
2016-08-05,1.3495,1.3495,1.3412,1.3412,669412,0.0,0
2016-08-08,1.3412,1.3495,1.3329,1.3412,569415,0.0,0
2016-08-09,1.3412,1.3495,1.3412,1.3495,264666,0.0,0
2016-08-10,1.3495,1.3578,1.3412,1.3578,167888,0.0,0
2016-08-11,1.3495,1.3578,1.3495,1.3578,902993,0.0,0
2016-08-12,1.3495,1.3495,1.3412,1.3412,249630,0.0,0
2016-08-15,1.3495,1.3495,1.3329,1.3329,414309,0.0,0
2016-08-16,1.3329,1.3412,1.3329,1.3329,67586,0.0,0
2016-08-17,1.3329,1.3412,1.3329,1.3329,132328,0.0,0
2016-08-18,1.3412,1.3412,1.3329,1.3412,528021,0.0,0
2016-08-19,1.3329,1.3412,1.3329,1.3329,744640,0.0,0
2016-08-22,1.3329,1.3329,1.3329,1.3329,395715,0.0,0
2016-08-23,1.3412,1.3412,1.3329,1.3412,2268732,0.0,0
2016-08-24,1.3329,1.3412,1.3329,1.3412,337010,0.0,0
2016-08-25,1.3412,1.3412,1.3329,1.3329,126266,0.0,0
2016-08-26,1.3412,1.3412,1.3329,1.3412,79448,0.0,0
2016-08-29,1.3412,1.3412,1.3329,1.3412,260981,0.0,0
2016-08-30,1.3329,1.3412,1.3329,1.3412,60474,0.0,0
2016-08-31,1.3329,1.3412,1.3329,1.3412,1922612,0.0,0
2016-09-01,1.3412,1.3412,1.3329,1.3412,168524,0.0,0
2016-09-02,1.3329,1.3412,1.3329,1.3412,337808,0.0,0
2016-09-05,1.3412,1.3412,1.3412,1.3412,103562,0.0,0
2016-09-06,1.3412,1.3412,1.3329,1.3329,204762,0.0,0
2016-09-07,1.3329,1.3412,1.3247,1.3412,347206,0.0,0
2016-09-08,1.3412,1.3412,1.3329,1.3329,367625,0.0,0
2016-09-09,1.3329,1.3329,1.3329,1.3329,159142,0.0,0
2016-09-12,1.3329,1.3412,1.3247,1.3412,315535,0.0,0
2016-09-13,1.3412,1.3412,1.3247,1.3329,152521,0.0,0
2016-09-14,1.3329,1.3412,1.3247,1.3329,148142,0.0,0
2016-09-15,1.3329,1.3329,1.3081,1.3081,974755,0.0,0
2016-09-16,1.3164,1.3247,1.3081,1.3247,613879,0.0,0
2016-09-19,1.3247,1.3247,1.3164,1.3164,115919,0.0,0
2016-09-20,1.3247,1.3247,1.3081,1.3164,433646,0.0,0
2016-09-21,1.3164,1.3164,1.2998,1.3081,415375,0.0,0
2016-09-22,1.3081,1.3164,1.3081,1.3164,499459,0.0,0
2016-09-23,1.3164,1.3164,1.3081,1.3164,796868,0.0,0
2016-09-26,1.3247,1.3247,1.2998,1.2998,886440,0.0,0
2016-09-27,1.2998,1.3081,1.2915,1.2998,466602,0.0,0
2016-09-28,1.2998,1.3081,1.2998,1.3081,69557,0.0,0
2016-09-29,1.3081,1.3081,1.2998,1.2998,1180581,0.0,0
2016-09-30,1.2998,1.3081,1.2998,1.3081,665272,0.0,0
2016-10-03,1.2998,1.3081,1.2998,1.3081,167779,0.0,0
2016-10-04,1.2998,1.3081,1.2998,1.3081,765851,0.0,0
2016-10-05,1.3081,1.3081,1.2915,1.2915,703723,0.0,0
2016-10-06,1.2915,1.2915,1.2584,1.275,393878,0.0,0
2016-10-07,1.2667,1.2833,1.2584,1.2833,453077,0.0,0
2016-10-10,1.275,1.275,1.2667,1.275,138868,0.0,0
2016-10-11,1.2667,1.275,1.2667,1.2667,376174,0.0,0
2016-10-12,1.2667,1.2667,1.2501,1.2501,151179,0.0,0
2016-10-13,1.2501,1.2667,1.2501,1.2584,537872,0.0,0
2016-10-14,1.2584,1.2667,1.2584,1.2584,207527,0.0,0
2016-10-17,1.2667,1.2667,1.2501,1.2584,303653,0.0,0
2016-10-18,1.2501,1.2584,1.2253,1.2419,513585,0.0,0
2016-10-19,1.2419,1.2667,1.2419,1.2667,132940,0.0,0
2016-10-20,1.275,1.275,1.2667,1.2667,701687,0.0,0
2016-10-21,1.2667,1.275,1.2667,1.2667,223092,0.0,0
2016-10-25,1.2667,1.2667,1.2501,1.2667,460774,0.0,0
2016-10-26,1.2584,1.2584,1.2419,1.2584,535237,0.0,0
2016-10-27,1.2501,1.2584,1.2501,1.2584,437987,0.0,0
2016-10-28,1.2501,1.2584,1.2501,1.2584,179269,0.0,0
2016-10-31,1.2584,1.2584,1.2501,1.2584,233469,0.0,0
2016-11-01,1.2584,1.2584,1.2419,1.2501,937099,0.0,0
2016-11-02,1.2419,1.2419,1.2336,1.2336,1201155,0.0,0
2016-11-03,1.2253,1.2336,1.2253,1.2336,805256,0.0,0
2016-11-04,1.2253,1.2253,1.2253,1.2253,165623,0.0,0
2016-11-07,1.2253,1.2336,1.2253,1.2336,261894,0.0,0
2016-11-08,1.2336,1.2336,1.2336,1.2336,231859,0.0,0
2016-11-09,1.2253,1.2336,1.2005,1.2005,128968,0.0,0
2016-11-10,1.217,1.217,1.1756,1.1756,268368,0.0,0
2016-11-11,1.1756,1.1756,1.1591,1.1591,174399,0.0,0
2016-11-14,1.1591,1.1591,1.1508,1.1591,219803,0.0,0
2016-11-15,1.1591,1.1674,1.1508,1.1591,1196049,0.0,0
2016-11-16,1.1508,1.1674,1.1508,1.1591,292878,0.0,0
2016-11-17,1.1674,1.1674,1.1591,1.1591,1100688,0.0,0
2016-11-18,1.1674,1.1756,1.1674,1.1756,636544,0.0,0
2016-11-21,1.1756,1.2005,1.1756,1.2005,224277,0.0,0
2016-11-22,1.2005,1.2005,1.1922,1.1922,134100,0.0,0
2016-11-23,1.2005,1.2005,1.1839,1.1922,838842,0.0,0
2016-11-24,1.1922,1.1922,1.1839,1.1839,437239,0.0,0
2016-11-25,1.1756,1.1839,1.1756,1.1756,121632,0.0,0
2016-11-28,1.1756,1.1839,1.1756,1.1756,75199,0.0,0
2016-11-29,1.1839,1.1839,1.1839,1.1839,1062958,0.0,0
2016-11-30,1.1704,1.1871,1.1704,1.1871,391543,0.0138,0
2016-12-01,1.1871,1.1955,1.1871,1.1955,197607,0.0,0
2016-12-02,1.1871,1.1955,1.1787,1.1871,145843,0.0,0
2016-12-05,1.1871,1.1955,1.1871,1.1871,361262,0.0,0
2016-12-06,1.1871,1.1955,1.1871,1.1871,462985,0.0,0
2016-12-07,1.1871,1.1871,1.1704,1.1787,475107,0.0,0
2016-12-08,1.1704,1.1787,1.1704,1.1787,55934,0.0,0
2016-12-09,1.1787,1.1787,1.1704,1.1787,242463,0.0,0
2016-12-12,1.1704,1.1787,1.162,1.1704,141638,0.0,0
2016-12-13,1.1537,1.1704,1.1537,1.1704,187961,0.0,0
2016-12-14,1.1537,1.162,1.1453,1.1453,254065,0.0,0
2016-12-15,1.1453,1.1453,1.1286,1.1286,214626,0.0,0
2016-12-16,1.1286,1.1369,1.1286,1.1286,117766,0.0,0
2016-12-19,1.1286,1.1286,1.1119,1.1286,164338,0.0,0
2016-12-20,1.1286,1.1369,1.1286,1.1286,195174,0.0,0
2016-12-21,1.1286,1.1369,1.1286,1.1369,64286,0.0,0
2016-12-22,1.1286,1.1369,1.1286,1.1286,227636,0.0,0
2016-12-23,1.1286,1.1286,1.1286,1.1286,0,0.0,0
2016-12-27,1.1286,1.1286,1.1286,1.1286,0,0.0,0
2016-12-28,1.1369,1.1369,1.1202,1.1202,101520,0.0,0
2016-12-29,1.1202,1.1286,1.1202,1.1286,66549,0.0,0
2016-12-30,1.1286,1.1453,1.1286,1.1453,161860,0.0,0
2017-01-04,1.1453,1.1453,1.1202,1.1369,562136,0.0,0
2017-01-05,1.1369,1.1453,1.1369,1.1369,428030,0.0,0
2017-01-06,1.1369,1.1453,1.1369,1.1453,149886,0.0,0
2017-01-09,1.1369,1.1704,1.1369,1.1704,125273,0.0,0
2017-01-10,1.1537,1.1704,1.1453,1.162,84349,0.0,0
2017-01-11,1.162,1.1704,1.1537,1.162,135855,0.0,0
2017-01-12,1.1704,1.1704,1.1537,1.162,115001,0.0,0
2017-01-13,1.162,1.1704,1.1537,1.1704,109610,0.0,0
2017-01-16,1.1537,1.1704,1.1537,1.162,134074,0.0,0
2017-01-17,1.162,1.162,1.162,1.162,45794,0.0,0
2017-01-18,1.1537,1.1704,1.1537,1.162,138461,0.0,0
2017-01-19,1.162,1.162,1.162,1.162,37595,0.0,0
2017-01-20,1.162,1.1704,1.162,1.1704,117607,0.0,0
2017-01-23,1.162,1.1704,1.162,1.1704,153630,0.0,0
2017-01-24,1.1704,1.1704,1.162,1.1704,526865,0.0,0
2017-01-25,1.1787,1.1787,1.1704,1.1704,795240,0.0,0
2017-01-26,1.1704,1.1704,1.1537,1.1537,804728,0.0,0
2017-01-27,1.162,1.162,1.1537,1.162,868996,0.0,0
2017-01-30,1.162,1.162,1.162,1.162,774091,0.0,0
2017-01-31,1.162,1.162,1.1537,1.162,618206,0.0,0
2017-02-01,1.162,1.162,1.1537,1.162,411615,0.0,0
2017-02-02,1.1537,1.162,1.1537,1.162,49263,0.0,0
2017-02-03,1.162,1.162,1.1537,1.162,251195,0.0,0
2017-02-07,1.162,1.1704,1.1537,1.1704,282942,0.0,0
2017-02-08,1.162,1.1704,1.162,1.162,1151868,0.0,0
2017-02-09,1.162,1.1704,1.162,1.162,72974,0.0,0
2017-02-10,1.162,1.162,1.1537,1.1537,214327,0.0,0
2017-02-13,1.162,1.162,1.1453,1.1453,128715,0.0,0
2017-02-14,1.1537,1.162,1.1453,1.1453,55269,0.0,0
2017-02-15,1.1453,1.162,1.1453,1.1537,122858,0.0,0
2017-02-16,1.1537,1.1704,1.1537,1.162,173412,0.0,0
2017-02-17,1.1537,1.162,1.1537,1.162,158412,0.0,0
2017-02-20,1.1537,1.162,1.1453,1.1453,356353,0.0,0
2017-02-21,1.1453,1.1453,1.1453,1.1453,1156372,0.0,0
2017-02-22,1.1537,1.1537,1.1453,1.1453,98162,0.0,0
2017-02-23,1.1369,1.1369,1.1369,1.1369,321204,0.0,0
2017-02-24,1.1453,1.1453,1.1369,1.1369,160566,0.0,0
2017-02-27,1.1369,1.1453,1.1369,1.1369,464993,0.0,0
2017-02-28,1.1286,1.1369,1.1286,1.1369,346100,0.0,0
2017-03-01,1.1286,1.1286,1.1202,1.1202,415885,0.0,0
2017-03-02,1.1286,1.1286,1.1202,1.1202,81087,0.0,0
2017-03-03,1.1202,1.1286,1.1202,1.1202,517152,0.0,0
2017-03-06,1.1202,1.1286,1.1202,1.1202,39317,0.0,0
2017-03-07,1.1286,1.1286,1.1202,1.1202,309081,0.0,0
2017-03-08,1.1202,1.1286,1.1202,1.1286,143431,0.0,0
2017-03-09,1.1202,1.1286,1.1202,1.1202,331782,0.0,0
2017-03-10,1.1195,1.1279,1.1195,1.1195,374564,0.0191,0
2017-03-13,1.1195,1.1195,1.1195,1.1195,242972,0.0,0
2017-03-14,1.1195,1.1195,1.1195,1.1195,428044,0.0,0
2017-03-15,1.111,1.111,1.1025,1.111,260456,0.0,0
2017-03-16,1.1025,1.111,1.1025,1.111,100907,0.0,0
2017-03-17,1.1195,1.1195,1.1195,1.1195,113421,0.0,0
2017-03-20,1.1195,1.1195,1.111,1.111,228337,0.0,0
2017-03-21,1.111,1.1195,1.111,1.1195,145111,0.0,0
2017-03-22,1.1195,1.1195,1.1195,1.1195,145557,0.0,0
2017-03-23,1.1195,1.1195,1.1195,1.1195,55514,0.0,0
2017-03-24,1.111,1.1195,1.111,1.1195,589225,0.0,0
2017-03-27,1.1195,1.1195,1.1195,1.1195,155926,0.0,0
2017-03-28,1.111,1.1195,1.111,1.1195,241037,0.0,0
2017-03-29,1.1195,1.1195,1.111,1.111,96034,0.0,0
2017-03-30,1.111,1.1195,1.111,1.1195,584803,0.0,0
2017-03-31,1.1195,1.1279,1.1195,1.1279,217811,0.0,0
2017-04-03,1.1279,1.1279,1.1195,1.1195,298507,0.0,0
2017-04-04,1.1195,1.1279,1.1195,1.1195,1032691,0.0,0
2017-04-05,1.1195,1.1279,1.1195,1.1195,1649721,0.0,0
2017-04-06,1.1195,1.1195,1.111,1.111,134630,0.0,0
2017-04-07,1.111,1.1195,1.111,1.111,176163,0.0,0
2017-04-10,1.111,1.111,1.111,1.111,195896,0.0,0
2017-04-11,1.111,1.111,1.111,1.111,137665,0.0,0
2017-04-12,1.1195,1.1279,1.1195,1.1195,1294600,0.0,0
2017-04-13,1.1195,1.1195,1.1195,1.1195,662929,0.0,0
2017-04-18,1.1195,1.1279,1.1195,1.1195,482109,0.0,0
2017-04-19,1.1195,1.1279,1.1195,1.1195,1007986,0.0,0
2017-04-20,1.1279,1.1279,1.1195,1.1195,310862,0.0,0
2017-04-21,1.1195,1.1279,1.1195,1.1195,51666,0.0,0
2017-04-24,1.1195,1.1195,1.1195,1.1195,85600,0.0,0
2017-04-26,1.1279,1.1279,1.1195,1.1195,223635,0.0,0
2017-04-27,1.1279,1.1364,1.1279,1.1364,150409,0.0,0
2017-04-28,1.1279,1.1279,1.1195,1.1195,208890,0.0,0
2017-05-01,1.1195,1.1195,1.1195,1.1195,381709,0.0,0
2017-05-02,1.1195,1.1195,1.1195,1.1195,459495,0.0,0
2017-05-03,1.1195,1.1195,1.111,1.111,597020,0.0,0
2017-05-04,1.111,1.1279,1.111,1.1279,157481,0.0,0
2017-05-05,1.1195,1.1279,1.111,1.1279,95486,0.0,0
2017-05-08,1.1279,1.1279,1.111,1.1195,164656,0.0,0
2017-05-09,1.1195,1.1195,1.111,1.111,95304,0.0,0
2017-05-10,1.1195,1.1195,1.111,1.111,631375,0.0,0
2017-05-11,1.1195,1.1279,1.1195,1.1279,593682,0.0,0
2017-05-12,1.1195,1.1279,1.1195,1.1195,886036,0.0,0
2017-05-15,1.1195,1.1279,1.1195,1.1195,173249,0.0,0
2017-05-16,1.1279,1.1279,1.1195,1.1279,267636,0.0,0
2017-05-17,1.1195,1.1279,1.1195,1.1279,309332,0.0,0
2017-05-18,1.1195,1.1279,1.1195,1.1195,239658,0.0,0
2017-05-19,1.1195,1.1279,1.1195,1.1279,126360,0.0,0
2017-05-22,1.1279,1.1364,1.1279,1.1279,98058,0.0,0
2017-05-23,1.1364,1.1364,1.1279,1.1279,50220,0.0,0
2017-05-24,1.1364,1.1364,1.1279,1.1364,478299,0.0,0
2017-05-25,1.1364,1.1449,1.1364,1.1449,144908,0.0,0
2017-05-26,1.1449,1.1534,1.1364,1.1449,278383,0.0,0
2017-05-29,1.1619,1.1703,1.1534,1.1534,401818,0.0,0
2017-05-30,1.1534,1.1534,1.1534,1.1534,233659,0.0,0
2017-05-31,1.1534,1.1619,1.1534,1.1534,239841,0.0,0
2017-06-01,1.1619,1.1619,1.1449,1.1534,437327,0.0,0
2017-06-02,1.1449,1.1534,1.1449,1.1534,131031,0.0,0
2017-06-06,1.1534,1.1619,1.1534,1.1534,568249,0.0,0
2017-06-07,1.1534,1.1534,1.1534,1.1534,158899,0.0,0
2017-06-08,1.1534,1.1619,1.1534,1.1534,391839,0.0,0
2017-06-09,1.1534,1.1619,1.1534,1.1534,767368,0.0,0
2017-06-12,1.1625,1.1625,1.1539,1.1539,54719,0.0206,0
2017-06-13,1.1539,1.1625,1.1539,1.1539,250402,0.0,0
2017-06-14,1.1625,1.1625,1.1539,1.1539,289109,0.0,0
2017-06-15,1.1539,1.1625,1.1539,1.1625,444766,0.0,0
2017-06-16,1.1539,1.1883,1.1539,1.1883,1520317,0.0,0
2017-06-19,1.1625,1.1625,1.1539,1.1625,420087,0.0,0
2017-06-20,1.1625,1.1711,1.1625,1.1711,195442,0.0,0
2017-06-21,1.1711,1.1797,1.1711,1.1711,103812,0.0,0
2017-06-22,1.1797,1.1883,1.1711,1.1711,333407,0.0,0
2017-06-23,1.1797,1.1883,1.1797,1.1797,64580,0.0,0
2017-06-26,1.1797,1.1883,1.1797,1.1797,62360,0.0,0
2017-06-27,1.1797,1.1883,1.1797,1.1883,104018,0.0,0
2017-06-28,1.1883,1.1883,1.1883,1.1883,137800,0.0,0
2017-06-29,1.1969,1.2056,1.1883,1.1883,204728,0.0,0
2017-06-30,1.1883,1.1883,1.1883,1.1883,1189790,0.0,0
2017-07-03,1.1883,1.1883,1.1883,1.1883,62463,0.0,0
2017-07-04,1.1883,1.1883,1.1883,1.1883,213651,0.0,0
2017-07-05,1.1969,1.1969,1.1797,1.1797,324486,0.0,0
2017-07-06,1.1797,1.1797,1.1797,1.1797,276884,0.0,0
2017-07-07,1.1797,1.1883,1.1711,1.1711,190644,0.0,0
2017-07-10,1.1797,1.1797,1.1625,1.1625,205399,0.0,0
2017-07-11,1.1711,1.1883,1.1625,1.1625,198649,0.0,0
2017-07-12,1.1711,1.1711,1.1539,1.1625,260799,0.0,0
2017-07-13,1.1625,1.1711,1.1539,1.1539,309863,0.0,0
2017-07-14,1.1625,1.1625,1.1539,1.1625,368127,0.0,0
2017-07-17,1.1711,1.1883,1.1711,1.1883,150425,0.0,0
2017-07-18,1.1797,1.1883,1.1711,1.1797,94166,0.0,0
2017-07-19,1.1797,1.1969,1.1797,1.1969,147534,0.0,0
2017-07-20,1.1969,1.2056,1.1969,1.2056,64732,0.0,0
2017-07-21,1.1883,1.1969,1.1883,1.1969,105732,0.0,0
2017-07-24,1.1883,1.1969,1.1797,1.1969,86661,0.0,0
2017-07-25,1.1797,1.1883,1.1797,1.1797,434802,0.0,0
2017-07-26,1.1797,1.1883,1.1797,1.1797,137949,0.0,0
2017-07-27,1.1797,1.1797,1.1797,1.1797,261303,0.0,0
2017-07-28,1.1797,1.1797,1.1711,1.1711,207244,0.0,0
2017-07-31,1.1711,1.1883,1.1625,1.1883,513478,0.0,0
2017-08-01,1.1797,1.1797,1.1625,1.1711,179361,0.0,0
2017-08-02,1.1711,1.1797,1.1711,1.1711,51553,0.0,0
2017-08-03,1.1711,1.1797,1.1625,1.1711,232751,0.0,0
2017-08-04,1.1711,1.1797,1.1711,1.1711,135022,0.0,0
2017-08-07,1.1711,1.1797,1.1711,1.1711,343054,0.0,0
2017-08-08,1.1711,1.1797,1.1625,1.1711,183495,0.0,0
2017-08-09,1.1625,1.1797,1.1625,1.1797,319872,0.0,0
2017-08-10,1.1711,1.1797,1.1711,1.1797,112352,0.0,0
2017-08-11,1.1711,1.1797,1.1711,1.1797,482043,0.0,0
2017-08-14,1.1711,1.1797,1.1625,1.1797,130326,0.0,0
2017-08-15,1.1711,1.1797,1.1711,1.1797,63231,0.0,0
2017-08-16,1.1883,1.1883,1.1797,1.1797,94581,0.0,0
2017-08-17,1.1883,1.1969,1.1797,1.1797,219187,0.0,0
2017-08-18,1.1797,1.1883,1.1711,1.1883,137629,0.0,0
2017-08-21,1.1797,1.1797,1.1711,1.1711,149534,0.0,0
2017-08-22,1.1711,1.1797,1.1711,1.1797,139992,0.0,0
2017-08-23,1.1711,1.1797,1.1711,1.1797,78377,0.0,0
2017-08-24,1.1711,1.1711,1.1711,1.1711,77256,0.0,0
2017-08-25,1.1797,1.1797,1.1711,1.1797,36187,0.0,0
2017-08-28,1.1711,1.1711,1.1625,1.1625,115340,0.0,0
2017-08-29,1.1625,1.1797,1.1625,1.1711,162675,0.0,0
2017-08-30,1.1711,1.1797,1.1711,1.1711,75698,0.0,0
2017-08-31,1.1797,1.1797,1.1711,1.1797,266261,0.0,0
2017-09-01,1.1711,1.1797,1.1711,1.1711,152368,0.0,0
2017-09-04,1.1711,1.1797,1.1711,1.1797,49492,0.0,0
2017-09-05,1.1711,1.1883,1.1711,1.1797,284533,0.0,0
2017-09-06,1.1797,1.2056,1.1797,1.2056,158017,0.0,0
2017-09-07,1.1969,1.1969,1.1883,1.1969,59347,0.0,0
2017-09-08,1.187,1.2045,1.187,1.2045,91503,0.0186,0
2017-09-11,1.1957,1.1957,1.187,1.187,136026,0.0,0
2017-09-12,1.187,1.1957,1.187,1.187,175596,0.0,0
2017-09-13,1.187,1.1957,1.1783,1.1783,329286,0.0,0
2017-09-14,1.1783,1.187,1.1783,1.1783,60944,0.0,0
2017-09-15,1.1783,1.1957,1.1783,1.1957,224543,0.0,0
2017-09-18,1.187,1.187,1.1695,1.1783,225774,0.0,0
2017-09-19,1.1783,1.1783,1.1695,1.1783,520244,0.0,0
2017-09-20,1.1695,1.1783,1.1695,1.1695,204739,0.0,0
2017-09-21,1.1695,1.1695,1.1608,1.1695,715480,0.0,0
2017-09-22,1.1695,1.1783,1.1695,1.1783,39672,0.0,0
2017-09-25,1.1695,1.1783,1.1695,1.1695,219907,0.0,0
2017-09-26,1.1783,1.1783,1.1695,1.1695,57391,0.0,0
2017-09-27,1.1695,1.1695,1.1608,1.1695,1253783,0.0,0
2017-09-28,1.1608,1.1695,1.1608,1.1695,816517,0.0,0
2017-09-29,1.1608,1.1695,1.1521,1.1695,408103,0.0,0
2017-10-02,1.1608,1.1695,1.1608,1.1608,159353,0.0,0
2017-10-03,1.1608,1.1608,1.1521,1.1608,208040,0.0,0
2017-10-04,1.1608,1.1608,1.1521,1.1521,295342,0.0,0
2017-10-05,1.1521,1.1608,1.1521,1.1608,201159,0.0,0
2017-10-06,1.1695,1.1695,1.1521,1.1608,74806,0.0,0
2017-10-09,1.1608,1.1695,1.1608,1.1695,134862,0.0,0
2017-10-10,1.1695,1.1783,1.1608,1.1608,305354,0.0,0
2017-10-11,1.1521,1.1608,1.1521,1.1521,228747,0.0,0
2017-10-12,1.1608,1.1695,1.1608,1.1695,66575,0.0,0
2017-10-13,1.1695,1.1695,1.1608,1.1695,234645,0.0,0
2017-10-16,1.1695,1.1783,1.1608,1.1783,274416,0.0,0
2017-10-17,1.1695,1.1695,1.1608,1.1608,229500,0.0,0
2017-10-18,1.1608,1.1695,1.1521,1.1608,373245,0.0,0
2017-10-19,1.1608,1.1695,1.1608,1.1695,175985,0.0,0
2017-10-20,1.1608,1.1695,1.1608,1.1695,188971,0.0,0
2017-10-24,1.1608,1.1695,1.1608,1.1695,161365,0.0,0
2017-10-25,1.1608,1.1695,1.1608,1.1608,217631,0.0,0
2017-10-26,1.1608,1.1695,1.1608,1.1695,149341,0.0,0
2017-10-27,1.1608,1.1695,1.1608,1.1695,89879,0.0,0
2017-10-30,1.1608,1.1695,1.1608,1.1608,474798,0.0,0
2017-10-31,1.1783,1.1783,1.1608,1.1695,372278,0.0,0
2017-11-01,1.1608,1.1695,1.1608,1.1695,413035,0.0,0
2017-11-02,1.1695,1.1783,1.1695,1.1695,312994,0.0,0
2017-11-03,1.1695,1.1783,1.1695,1.1783,158732,0.0,0
2017-11-06,1.187,1.187,1.1783,1.1783,141434,0.0,0
2017-11-07,1.1783,1.187,1.1783,1.1783,208190,0.0,0
2017-11-08,1.1783,1.1957,1.1695,1.1957,193837,0.0,0
2017-11-09,1.187,1.2132,1.187,1.2132,162658,0.0,0
2017-11-10,1.1957,1.2045,1.1957,1.1957,34321,0.0,0
2017-11-13,1.1957,1.1957,1.1783,1.1957,300303,0.0,0
2017-11-14,1.1957,1.2045,1.1957,1.2045,250571,0.0,0
2017-11-15,1.1957,1.2045,1.187,1.1957,1164013,0.0,0
2017-11-16,1.1957,1.2045,1.1957,1.2045,367140,0.0,0
2017-11-17,1.2045,1.2045,1.1957,1.2045,426656,0.0,0
2017-11-20,1.1957,1.2132,1.1957,1.2132,142915,0.0,0
2017-11-21,1.2132,1.2132,1.1957,1.2132,179149,0.0,0
2017-11-22,1.2045,1.2132,1.2045,1.2132,50107,0.0,0
2017-11-23,1.2132,1.2306,1.2132,1.2219,340699,0.0,0
2017-11-24,1.2219,1.2306,1.2132,1.2132,178254,0.0,0
2017-11-27,1.2219,1.2306,1.2219,1.2306,331803,0.0,0
2017-11-28,1.2219,1.2306,1.2219,1.2306,174280,0.0,0
2017-11-29,1.2219,1.2394,1.2219,1.2306,170486,0.0,0
2017-11-30,1.2306,1.2481,1.2306,1.2394,362980,0.0,0
2017-12-01,1.2306,1.2481,1.2306,1.2481,953506,0.0,0
2017-12-04,1.2394,1.2568,1.2394,1.2568,1010816,0.0,0
2017-12-05,1.2556,1.2644,1.2556,1.2556,538381,0.0186,0
2017-12-06,1.2733,1.2821,1.2733,1.2821,141897,0.0,0
2017-12-07,1.2733,1.2821,1.2733,1.2733,149986,0.0,0
2017-12-08,1.2733,1.2821,1.2733,1.2821,70862,0.0,0
2017-12-11,1.2733,1.2821,1.2733,1.2821,185530,0.0,0
2017-12-12,1.2821,1.2821,1.2733,1.2821,219664,0.0,0
2017-12-13,1.2821,1.2821,1.2821,1.2821,281152,0.0,0
2017-12-14,1.2821,1.2821,1.2733,1.2821,226012,0.0,0
2017-12-15,1.2821,1.2909,1.2733,1.2909,384731,0.0,0
2017-12-18,1.2909,1.2909,1.2821,1.2821,341713,0.0,0
2017-12-19,1.2821,1.2998,1.2821,1.2909,467063,0.0,0
2017-12-20,1.2909,1.2998,1.2909,1.2909,192392,0.0,0
2017-12-21,1.2909,1.2998,1.2909,1.2998,453152,0.0,0
2017-12-22,1.2909,1.3086,1.2909,1.2998,717756,0.0,0
2017-12-27,1.2998,1.3086,1.2998,1.2998,302647,0.0,0
2017-12-28,1.2998,1.3175,1.2998,1.3086,46588,0.0,0
2017-12-29,1.3086,1.3175,1.3086,1.3175,35092,0.0,0
2018-01-03,1.3086,1.3175,1.3086,1.3175,213595,0.0,0
2018-01-04,1.3175,1.3175,1.3086,1.3175,153526,0.0,0
2018-01-05,1.3175,1.3175,1.3175,1.3175,165929,0.0,0
2018-01-08,1.3175,1.3175,1.3086,1.3175,198346,0.0,0
2018-01-09,1.3086,1.3175,1.3086,1.3175,577867,0.0,0
2018-01-10,1.3086,1.3175,1.3086,1.3086,143306,0.0,0
2018-01-11,1.2998,1.2998,1.2909,1.2998,271610,0.0,0
2018-01-12,1.2998,1.2998,1.2909,1.2909,355061,0.0,0
2018-01-15,1.2909,1.2998,1.2909,1.2998,40693,0.0,0
2018-01-16,1.2909,1.2998,1.2909,1.2909,44557,0.0,0
2018-01-17,1.2821,1.2909,1.2556,1.2821,334888,0.0,0
2018-01-18,1.2733,1.2909,1.2733,1.2909,81532,0.0,0
2018-01-19,1.2821,1.2909,1.2821,1.2821,56458,0.0,0
2018-01-22,1.2821,1.2909,1.2821,1.2909,64449,0.0,0
2018-01-23,1.2909,1.2998,1.2821,1.2909,177430,0.0,0
2018-01-24,1.2909,1.2909,1.2821,1.2821,54487,0.0,0
2018-01-25,1.2821,1.2909,1.2821,1.2821,163588,0.0,0
2018-01-26,1.2733,1.2909,1.2733,1.2909,136924,0.0,0
2018-01-29,1.2733,1.2909,1.2733,1.2821,57253,0.0,0
2018-01-30,1.2821,1.2821,1.2821,1.2821,231098,0.0,0
2018-01-31,1.2821,1.2821,1.2733,1.2733,428949,0.0,0
2018-02-01,1.2733,1.2821,1.2733,1.2821,67867,0.0,0
2018-02-02,1.2821,1.2821,1.2733,1.2733,130326,0.0,0
2018-02-05,1.2733,1.2733,1.2644,1.2644,155927,0.0,0
2018-02-07,1.2467,1.2733,1.2467,1.2644,199827,0.0,0
2018-02-08,1.2644,1.2644,1.2467,1.2556,776182,0.0,0
2018-02-09,1.2467,1.2556,1.2379,1.2467,201693,0.0,0
2018-02-12,1.2556,1.2733,1.2467,1.2556,151372,0.0,0
2018-02-13,1.2467,1.2556,1.2379,1.2467,196593,0.0,0
2018-02-14,1.2467,1.2733,1.2467,1.2644,192373,0.0,0
2018-02-15,1.2467,1.2556,1.2467,1.2467,60380,0.0,0
2018-02-16,1.2379,1.2556,1.2379,1.2467,167798,0.0,0
2018-02-19,1.2379,1.2379,1.2291,1.2291,98744,0.0,0
2018-02-20,1.2202,1.2291,1.2202,1.2291,157526,0.0,0
2018-02-21,1.2291,1.2467,1.2291,1.2379,81954,0.0,0
2018-02-22,1.2379,1.2379,1.2291,1.2291,77295,0.0,0
2018-02-23,1.2291,1.2291,1.2291,1.2291,100655,0.0,0
2018-02-26,1.2202,1.2291,1.2202,1.2291,57701,0.0,0
2018-02-27,1.2202,1.2291,1.2202,1.2291,145161,0.0,0
2018-02-28,1.2202,1.2291,1.2202,1.2202,268145,0.0,0
2018-03-01,1.2114,1.2114,1.2114,1.2114,881649,0.0,0
2018-03-02,1.2114,1.2202,1.2114,1.2202,325173,0.0,0
2018-03-05,1.2114,1.2291,1.2114,1.2291,747450,0.0,0
2018-03-06,1.2291,1.2291,1.2202,1.2202,86548,0.0,0
2018-03-07,1.2202,1.2379,1.2202,1.2379,440084,0.0,0
2018-03-08,1.2379,1.2467,1.2291,1.2291,167967,0.0,0
2018-03-09,1.2379,1.2467,1.2291,1.2291,347969,0.0,0
2018-03-12,1.2291,1.2467,1.2291,1.2291,152247,0.0,0
2018-03-13,1.2379,1.2467,1.2379,1.2467,91714,0.0,0
2018-03-14,1.2544,1.2544,1.2365,1.2365,69035,0.0186,0
2018-03-15,1.2455,1.2544,1.2455,1.2544,152876,0.0,0
2018-03-16,1.2455,1.2544,1.2455,1.2544,122400,0.0,0
2018-03-20,1.2544,1.2634,1.2544,1.2634,150230,0.0,0
2018-03-21,1.2634,1.2724,1.2634,1.2724,271939,0.0,0
2018-03-22,1.2724,1.2813,1.2724,1.2813,341569,0.0,0
2018-03-23,1.2724,1.2813,1.2724,1.2813,88691,0.0,0
2018-03-26,1.2724,1.2724,1.2634,1.2634,156983,0.0,0
2018-03-27,1.2634,1.2724,1.2544,1.2634,247366,0.0,0
2018-03-28,1.2544,1.2634,1.2544,1.2544,242011,0.0,0
2018-03-29,1.2544,1.2634,1.2544,1.2544,947130,0.0,0
2018-04-03,1.2544,1.2634,1.2544,1.2634,249031,0.0,0
2018-04-04,1.2544,1.2634,1.2544,1.2544,265071,0.0,0
2018-04-05,1.2544,1.2634,1.2544,1.2544,295096,0.0,0
2018-04-06,1.2544,1.2634,1.2544,1.2634,456087,0.0,0
2018-04-09,1.2544,1.2634,1.2544,1.2634,154042,0.0,0
2018-04-10,1.2544,1.2634,1.2544,1.2544,114744,0.0,0
2018-04-11,1.2544,1.2544,1.2365,1.2544,405118,0.0,0
2018-04-12,1.2544,1.2544,1.2544,1.2544,73139,0.0,0
2018-04-13,1.2455,1.2544,1.2455,1.2544,172433,0.0,0
2018-04-16,1.2455,1.2544,1.2455,1.2544,79882,0.0,0
2018-04-17,1.2455,1.2544,1.2455,1.2544,403754,0.0,0
2018-04-18,1.2455,1.2634,1.2455,1.2634,99777,0.0,0
2018-04-19,1.2544,1.2634,1.2455,1.2544,232236,0.0,0
2018-04-20,1.2455,1.2544,1.2455,1.2455,115377,0.0,0
2018-04-23,1.2455,1.2544,1.2455,1.2544,85228,0.0,0
2018-04-24,1.2544,1.2813,1.2455,1.2634,172889,0.0,0
2018-04-26,1.2544,1.2634,1.2544,1.2544,75430,0.0,0
2018-04-27,1.2544,1.2813,1.2544,1.2634,77064,0.0,0
2018-04-30,1.2544,1.2724,1.2544,1.2724,636232,0.0,0
2018-05-01,1.2634,1.2813,1.2634,1.2724,457361,0.0,0
2018-05-02,1.2634,1.2903,1.2544,1.2724,134185,0.0,0
2018-05-03,1.2724,1.2813,1.2724,1.2724,265544,0.0,0
2018-05-04,1.2724,1.2724,1.2634,1.2634,83324,0.0,0
2018-05-07,1.2724,1.2724,1.2634,1.2634,126145,0.0,0
2018-05-08,1.2634,1.2724,1.2634,1.2724,98784,0.0,0
2018-05-09,1.2634,1.2813,1.2634,1.2813,132509,0.0,0
2018-05-10,1.2813,1.2813,1.2813,1.2813,59473,0.0,0
2018-05-11,1.2813,1.2903,1.2813,1.2903,37830,0.0,0
2018-05-14,1.2813,1.2903,1.2813,1.2903,120514,0.0,0
2018-05-15,1.2813,1.2903,1.2813,1.2903,87985,0.0,0
2018-05-16,1.2813,1.2992,1.2813,1.2903,85082,0.0,0
2018-05-17,1.2903,1.2992,1.2903,1.2992,202349,0.0,0
2018-05-18,1.2903,1.3082,1.2903,1.3082,150040,0.0,0
2018-05-21,1.2992,1.3082,1.2903,1.3082,66228,0.0,0
2018-05-22,1.2992,1.3082,1.2992,1.2992,83059,0.0,0
2018-05-23,1.2992,1.3082,1.2992,1.3082,279172,0.0,0
2018-05-24,1.2992,1.3082,1.2992,1.3082,176824,0.0,0
2018-05-25,1.3172,1.3261,1.3082,1.3082,141508,0.0,0
2018-05-28,1.3082,1.3351,1.2992,1.3261,67612,0.0,0
2018-05-29,1.3351,1.3351,1.3261,1.3351,105476,0.0,0
2018-05-30,1.3261,1.3351,1.3261,1.3351,130555,0.0,0
2018-05-31,1.3261,1.344,1.3261,1.3351,139459,0.0,0
2018-06-01,1.3351,1.3351,1.3261,1.3351,67332,0.0,0
2018-06-05,1.3261,1.4068,1.3261,1.4068,138391,0.0,0
2018-06-06,1.3709,1.3888,1.3709,1.3888,80527,0.0,0
2018-06-07,1.3888,1.3888,1.353,1.353,276314,0.0,0
2018-06-08,1.344,1.362,1.344,1.353,478950,0.0,0
2018-06-11,1.3519,1.3701,1.3428,1.3701,153205,0.0188,0
2018-06-12,1.361,1.3791,1.361,1.3701,215342,0.0,0
2018-06-13,1.361,1.3791,1.361,1.3791,79005,0.0,0
2018-06-14,1.361,1.3701,1.361,1.3701,79779,0.0,0
2018-06-15,1.3701,1.3701,1.361,1.3701,375990,0.0,0
2018-06-18,1.3701,1.3701,1.3519,1.3701,355889,0.0,0
2018-06-19,1.3519,1.361,1.3338,1.3428,203473,0.0,0
2018-06-20,1.3428,1.3519,1.3338,1.3428,194032,0.0,0
2018-06-21,1.3519,1.361,1.3338,1.3428,364327,0.0,0
2018-06-22,1.3428,1.3519,1.3428,1.3428,1431095,0.0,0
2018-06-25,1.3519,1.3519,1.3338,1.3519,396069,0.0,0
2018-06-26,1.3428,1.3519,1.3338,1.3519,445532,0.0,0
2018-06-27,1.3519,1.3519,1.3428,1.3428,167499,0.0,0
2018-06-28,1.3428,1.3519,1.3428,1.3519,123052,0.0,0
2018-06-29,1.3519,1.361,1.3519,1.3519,128931,0.0,0
2018-07-02,1.3519,1.361,1.3519,1.3519,180580,0.0,0
2018-07-03,1.3519,1.361,1.3519,1.361,54866,0.0,0
2018-07-04,1.361,1.3701,1.3519,1.361,160715,0.0,0
2018-07-05,1.3519,1.361,1.3519,1.3519,200170,0.0,0
2018-07-06,1.3519,1.3701,1.3519,1.361,474983,0.0,0
2018-07-09,1.361,1.3701,1.361,1.361,182980,0.0,0
2018-07-10,1.3701,1.3791,1.361,1.3791,193618,0.0,0
2018-07-11,1.3791,1.3791,1.361,1.361,72662,0.0,0
2018-07-12,1.361,1.3701,1.361,1.3701,138482,0.0,0
2018-07-13,1.3701,1.3791,1.361,1.3701,121388,0.0,0
2018-07-16,1.3701,1.3701,1.3519,1.3519,126563,0.0,0
2018-07-17,1.361,1.3791,1.3519,1.3791,85624,0.0,0
2018-07-18,1.3791,1.3791,1.361,1.3791,120691,0.0,0
2018-07-19,1.3701,1.3882,1.3701,1.3882,214953,0.0,0
2018-07-20,1.3701,1.3701,1.3701,1.3701,119315,0.0,0
2018-07-23,1.3701,1.3882,1.361,1.361,125255,0.0,0
2018-07-24,1.361,1.3791,1.361,1.3791,78421,0.0,0
2018-07-25,1.3882,1.3882,1.3791,1.3882,91920,0.0,0
2018-07-26,1.3791,1.3882,1.3701,1.3791,62546,0.0,0
2018-07-27,1.3791,1.3882,1.3701,1.3882,169104,0.0,0
2018-07-30,1.3791,1.3882,1.361,1.3701,113182,0.0,0
2018-07-31,1.3701,1.3791,1.361,1.3791,144124,0.0,0
2018-08-01,1.3791,1.3882,1.3791,1.3882,322432,0.0,0
2018-08-02,1.3973,1.4064,1.3882,1.3882,190546,0.0,0
2018-08-03,1.3882,1.4064,1.3882,1.3973,180396,0.0,0
2018-08-06,1.4064,1.4064,1.3973,1.3973,160994,0.0,0
2018-08-07,1.4064,1.4064,1.3973,1.4064,754545,0.0,0
2018-08-08,1.3973,1.4064,1.3973,1.4064,371272,0.0,0
2018-08-09,1.4064,1.4064,1.3973,1.3973,152126,0.0,0
2018-08-10,1.3973,1.4064,1.3973,1.4064,296346,0.0,0
2018-08-13,1.3973,1.4064,1.3973,1.3973,88581,0.0,0
2018-08-14,1.3973,1.4064,1.3973,1.3973,324801,0.0,0
2018-08-15,1.4064,1.4064,1.3973,1.4064,357649,0.0,0
2018-08-16,1.4064,1.4064,1.3973,1.3973,288470,0.0,0
2018-08-17,1.4064,1.4154,1.3973,1.4064,392724,0.0,0
2018-08-20,1.4064,1.4154,1.4064,1.4154,36819,0.0,0
2018-08-21,1.4154,1.4154,1.4064,1.4064,353335,0.0,0
2018-08-22,1.4154,1.4154,1.3973,1.3973,269315,0.0,0
2018-08-23,1.3973,1.4064,1.3973,1.3973,121053,0.0,0
2018-08-24,1.3973,1.4064,1.3882,1.3973,117056,0.0,0
2018-08-27,1.3882,1.3973,1.3882,1.3882,49263,0.0,0
2018-08-28,1.3882,1.3973,1.3882,1.3882,12000,0.0,0
2018-08-29,1.3973,1.3973,1.3791,1.3973,976909,0.0,0
2018-08-30,1.3973,1.3973,1.3791,1.3973,170556,0.0,0
2018-08-31,1.3973,1.3973,1.3882,1.3882,143398,0.0,0
2018-09-03,1.3882,1.3973,1.3882,1.3882,69081,0.0,0
2018-09-04,1.3882,1.3973,1.3882,1.3973,105680,0.0,0
2018-09-05,1.3882,1.3973,1.3882,1.3973,163175,0.0,0
2018-09-06,1.3882,1.3973,1.3882,1.3882,104060,0.0,0
2018-09-07,1.3882,1.3882,1.3882,1.3882,18225,0.0,0
2018-09-10,1.3882,1.3882,1.3791,1.3882,202095,0.0,0
2018-09-11,1.3791,1.3882,1.3791,1.3882,664061,0.0,0
2018-09-12,1.3962,1.3962,1.3778,1.387,343189,0.01865,0
2018-09-13,1.3962,1.3962,1.387,1.387,724074,0.0,0
2018-09-14,1.3962,1.3962,1.387,1.3962,421982,0.0,0
2018-09-17,1.3962,1.3962,1.387,1.387,585193,0.0,0
2018-09-18,1.3962,1.4053,1.3962,1.4053,293819,0.0,0
2018-09-19,1.3962,1.4053,1.387,1.3962,707730,0.0,0
2018-09-20,1.3962,1.4053,1.3778,1.3962,1149020,0.0,0
2018-09-21,1.3962,1.3962,1.387,1.3962,1241112,0.0,0
2018-09-24,1.3962,1.3962,1.387,1.3962,797889,0.0,0
2018-09-25,1.4053,1.4053,1.3962,1.4053,201259,0.0,0
2018-09-26,1.4053,1.4237,1.3962,1.4237,390050,0.0,0
2018-09-27,1.4053,1.4237,1.4053,1.4237,412836,0.0,0
2018-09-28,1.4053,1.4237,1.4053,1.4145,179275,0.0,0
2018-10-01,1.4053,1.4237,1.4053,1.4145,388848,0.0,0
2018-10-02,1.4237,1.4237,1.4145,1.4145,144717,0.0,0
2018-10-03,1.4237,1.4237,1.4145,1.4237,43326,0.0,0
2018-10-04,1.4237,1.4513,1.4237,1.4421,93746,0.0,0
2018-10-05,1.4421,1.4421,1.4053,1.4053,148953,0.0,0
2018-10-08,1.4053,1.4145,1.3962,1.3962,111398,0.0,0
2018-10-09,1.4053,1.4053,1.3962,1.4053,66944,0.0,0
2018-10-10,1.4053,1.4053,1.3962,1.3962,95799,0.0,0
2018-10-11,1.3962,1.3962,1.387,1.387,282939,0.0,0
2018-10-12,1.387,1.4145,1.387,1.4053,151942,0.0,0
2018-10-15,1.4053,1.4053,1.387,1.387,295115,0.0,0
2018-10-16,1.387,1.3962,1.387,1.387,23208,0.0,0
2018-10-17,1.3962,1.4145,1.3962,1.4145,41933,0.0,0
2018-10-18,1.4145,1.4237,1.387,1.3962,161063,0.0,0
2018-10-19,1.4053,1.4237,1.3962,1.4053,388141,0.0,0
2018-10-23,1.4053,1.4237,1.4053,1.4053,59697,0.0,0
2018-10-24,1.4053,1.4053,1.4053,1.4053,59528,0.0,0
2018-10-25,1.4053,1.4053,1.387,1.3962,222584,0.0,0
2018-10-26,1.4053,1.4053,1.387,1.3962,235649,0.0,0
2018-10-29,1.387,1.3962,1.3778,1.3962,147155,0.0,0
2018-10-30,1.3962,1.3962,1.3778,1.387,55577,0.0,0
2018-10-31,1.387,1.3962,1.3778,1.3962,180216,0.0,0
2018-11-01,1.3962,1.4053,1.387,1.387,629510,0.0,0
2018-11-02,1.3962,1.3962,1.387,1.387,123051,0.0,0
2018-11-05,1.387,1.3962,1.3778,1.387,48077,0.0,0
2018-11-06,1.3962,1.4145,1.3962,1.4053,68149,0.0,0
2018-11-07,1.4053,1.4053,1.3962,1.3962,55963,0.0,0
2018-11-08,1.3962,1.4053,1.387,1.387,245950,0.0,0
2018-11-09,1.3962,1.3962,1.387,1.3962,35910,0.0,0
2018-11-12,1.387,1.3962,1.387,1.3962,46291,0.0,0
2018-11-13,1.387,1.3962,1.3778,1.3962,208207,0.0,0
2018-11-14,1.387,1.3962,1.3778,1.3962,40279,0.0,0
2018-11-15,1.3778,1.3962,1.3778,1.387,5489,0.0,0
2018-11-16,1.3778,1.387,1.3778,1.387,148151,0.0,0
2018-11-19,1.3778,1.387,1.3778,1.3778,111422,0.0,0
2018-11-20,1.387,1.387,1.3778,1.3778,95968,0.0,0
2018-11-21,1.3778,1.3778,1.3686,1.3686,195257,0.0,0
2018-11-22,1.3778,1.3778,1.3686,1.3778,120176,0.0,0
2018-11-23,1.3778,1.3778,1.3778,1.3778,55061,0.0,0
2018-11-26,1.3778,1.387,1.3778,1.387,37638,0.0,0
2018-11-27,1.387,1.387,1.3686,1.3686,197100,0.0,0
2018-11-28,1.3778,1.3778,1.3686,1.3778,69232,0.0,0
2018-11-29,1.387,1.387,1.3778,1.3778,35061,0.0,0
2018-11-30,1.3778,1.3962,1.3778,1.3962,124083,0.0,0
2018-12-03,1.3949,1.4042,1.3856,1.3949,56155,0.01865,0
2018-12-04,1.4042,1.4135,1.4042,1.4135,80113,0.0,0
2018-12-05,1.4042,1.4042,1.4042,1.4042,100746,0.0,0
2018-12-06,1.4135,1.4228,1.3949,1.4042,219991,0.0,0
2018-12-07,1.4042,1.4135,1.4042,1.4135,53040,0.0,0
2018-12-10,1.4135,1.4135,1.4042,1.4042,37372,0.0,0
2018-12-11,1.4042,1.4135,1.3949,1.3949,137193,0.0,0
2018-12-12,1.3949,1.4228,1.3949,1.4135,104713,0.0,0
2018-12-13,1.4135,1.4414,1.4135,1.4414,48473,0.0,0
2018-12-14,1.4414,1.4414,1.4228,1.4321,83661,0.0,0
2018-12-17,1.4414,1.4414,1.4135,1.4135,152289,0.0,0
2018-12-18,1.4042,1.4228,1.4042,1.4228,67070,0.0,0
2018-12-19,1.4228,1.4321,1.4042,1.4321,152606,0.0,0
2018-12-20,1.4321,1.4414,1.4228,1.4321,122059,0.0,0
2018-12-21,1.4321,1.4321,1.4042,1.4042,197209,0.0,0
2018-12-24,1.4135,1.4321,1.4135,1.4321,16420,0.0,0
2018-12-27,1.4228,1.4228,1.3949,1.3949,35328,0.0,0
2018-12-28,1.3949,1.3949,1.3949,1.3949,898,0.0,0
2018-12-31,1.4042,1.4228,1.4042,1.4228,16757,0.0,0
2019-01-03,1.4228,1.4228,1.4228,1.4228,0,0.0,0
2019-01-04,1.4228,1.4228,1.4228,1.4228,0,0.0,0
2019-01-07,1.4135,1.4135,1.4042,1.4135,43986,0.0,0
2019-01-08,1.4042,1.4135,1.4042,1.4042,57361,0.0,0
2019-01-09,1.4135,1.4135,1.4042,1.4042,109794,0.0,0
2019-01-10,1.4228,1.4228,1.4228,1.4228,205363,0.0,0
2019-01-11,1.4228,1.4228,1.4042,1.4135,29447,0.0,0
2019-01-14,1.4135,1.4135,1.4042,1.4042,155133,0.0,0
2019-01-15,1.4042,1.4135,1.4042,1.4042,51966,0.0,0
2019-01-16,1.4135,1.4135,1.4042,1.4042,155344,0.0,0
2019-01-17,1.4042,1.4042,1.3949,1.3949,1368860,0.0,0
2019-01-18,1.4042,1.4135,1.3949,1.4135,53363,0.0,0
2019-01-21,1.4135,1.4228,1.4042,1.4228,72150,0.0,0
2019-01-22,1.4228,1.4228,1.4135,1.4135,178498,0.0,0
2019-01-23,1.4228,1.4228,1.4228,1.4228,151208,0.0,0
2019-01-24,1.4228,1.4321,1.4228,1.4321,140159,0.0,0
2019-01-25,1.4228,1.4321,1.4228,1.4321,81787,0.0,0
2019-01-28,1.4321,1.4321,1.4228,1.4228,76637,0.0,0
2019-01-29,1.4228,1.4321,1.4228,1.4321,172872,0.0,0
2019-01-30,1.4321,1.4321,1.4228,1.4228,91058,0.0,0
2019-01-31,1.4228,1.4321,1.4228,1.4321,22534,0.0,0
2019-02-01,1.4321,1.4321,1.4321,1.4321,93532,0.0,0
2019-02-04,1.4321,1.4321,1.4228,1.4228,44859,0.0,0
2019-02-05,1.4321,1.4321,1.4228,1.4321,149902,0.0,0
2019-02-07,1.4321,1.4321,1.4228,1.4321,23670,0.0,0
2019-02-08,1.4321,1.4321,1.4321,1.4321,114612,0.0,0
2019-02-11,1.4228,1.4414,1.4228,1.4414,424320,0.0,0
2019-02-12,1.4414,1.4414,1.4321,1.4414,53436,0.0,0
2019-02-13,1.4414,1.46,1.4414,1.4507,308382,0.0,0
2019-02-14,1.4507,1.4693,1.4507,1.4693,117636,0.0,0
2019-02-15,1.4693,1.4693,1.4693,1.4693,17878,0.0,0
2019-02-18,1.4693,1.4693,1.46,1.4693,91572,0.0,0
2019-02-19,1.46,1.4693,1.4507,1.4693,69247,0.0,0
2019-02-20,1.4693,1.4786,1.4693,1.4786,125050,0.0,0
2019-02-21,1.4693,1.4786,1.4693,1.4693,82434,0.0,0
2019-02-22,1.4693,1.4693,1.46,1.4693,200159,0.0,0
2019-02-25,1.4693,1.4693,1.46,1.46,166006,0.0,0
2019-02-26,1.46,1.4693,1.46,1.46,189010,0.0,0
2019-02-27,1.4507,1.4507,1.4507,1.4507,64747,0.0,0
2019-02-28,1.4507,1.46,1.4507,1.46,67978,0.0,0
2019-03-01,1.46,1.46,1.4414,1.4414,58724,0.0,0
2019-03-04,1.4507,1.46,1.4507,1.46,30295,0.0,0
2019-03-05,1.4507,1.46,1.4507,1.46,143700,0.0,0
2019-03-06,1.4594,1.4688,1.45,1.4688,76646,0.01935,0
2019-03-07,1.4688,1.4876,1.4688,1.4782,226756,0.0,0
2019-03-08,1.4782,1.4876,1.4782,1.4876,89224,0.0,0
2019-03-11,1.4876,1.497,1.4876,1.497,171459,0.0,0
2019-03-12,1.497,1.5065,1.4876,1.4876,66875,0.0,0
2019-03-13,1.497,1.497,1.4876,1.4876,109273,0.0,0
2019-03-14,1.4876,1.497,1.4876,1.4876,231659,0.0,0
2019-03-15,1.4876,1.497,1.4876,1.4876,133390,0.0,0
2019-03-18,1.4876,1.497,1.4876,1.497,102195,0.0,0
2019-03-19,1.497,1.497,1.4876,1.4876,112420,0.0,0
2019-03-20,1.497,1.497,1.4876,1.497,102781,0.0,0
2019-03-21,1.497,1.5065,1.4876,1.5065,38410,0.0,0
2019-03-22,1.5065,1.5159,1.5065,1.5159,75647,0.0,0
2019-03-25,1.497,1.5065,1.497,1.5065,32351,0.0,0
2019-03-26,1.5065,1.5253,1.5065,1.5253,102129,0.0,0
2019-03-27,1.5253,1.5347,1.5065,1.5159,95624,0.0,0
2019-03-28,1.5159,1.5159,1.5065,1.5159,136725,0.0,0
2019-03-29,1.5065,1.5159,1.5065,1.5159,92342,0.0,0
2019-04-01,1.5159,1.5253,1.5065,1.5065,198504,0.0,0
2019-04-02,1.5159,1.5347,1.5159,1.5347,64877,0.0,0
2019-04-03,1.5347,1.5347,1.5065,1.5065,103124,0.0,0
2019-04-04,1.5065,1.5347,1.5065,1.5253,267584,0.0,0
2019-04-05,1.5253,1.5347,1.5159,1.5253,91099,0.0,0
2019-04-08,1.5253,1.5253,1.5159,1.5159,28799,0.0,0
2019-04-09,1.5253,1.5347,1.5159,1.5159,43116,0.0,0
2019-04-10,1.5253,1.5253,1.5159,1.5159,238367,0.0,0
2019-04-11,1.5253,1.5253,1.5065,1.5065,78374,0.0,0
2019-04-12,1.5159,1.5253,1.5159,1.5159,81865,0.0,0
2019-04-15,1.5159,1.5253,1.5065,1.5253,98159,0.0,0
2019-04-16,1.5347,1.5347,1.5159,1.5347,113582,0.0,0
2019-04-17,1.5159,1.5253,1.5065,1.5065,276675,0.0,0
2019-04-18,1.5159,1.5347,1.5159,1.5347,81128,0.0,0
2019-04-23,1.5253,1.5441,1.5065,1.5441,142242,0.0,0
2019-04-24,1.5347,1.5441,1.5253,1.5347,202012,0.0,0
2019-04-26,1.5347,1.5347,1.5159,1.5159,87644,0.0,0
2019-04-29,1.5253,1.5347,1.5065,1.5065,146211,0.0,0
2019-04-30,1.5159,1.5441,1.5159,1.5441,92877,0.0,0
2019-05-01,1.5441,1.5441,1.5159,1.5159,84054,0.0,0
2019-05-02,1.5159,1.5441,1.5159,1.5441,162725,0.0,0
2019-05-03,1.5347,1.5347,1.5253,1.5347,126820,0.0,0
2019-05-06,1.5253,1.5347,1.5253,1.5253,17443,0.0,0
2019-05-07,1.5253,1.5347,1.5159,1.5347,93895,0.0,0
2019-05-08,1.5347,1.5347,1.5159,1.5159,119882,0.0,0
2019-05-09,1.5347,1.5347,1.5253,1.5253,146620,0.0,0
2019-05-10,1.5253,1.5347,1.5253,1.5347,286048,0.0,0
2019-05-13,1.5347,1.5347,1.5253,1.5253,216683,0.0,0
2019-05-14,1.5253,1.5535,1.5253,1.5535,149440,0.0,0
2019-05-15,1.5535,1.5535,1.5441,1.5535,143350,0.0,0
2019-05-16,1.5535,1.5818,1.5535,1.5818,120462,0.0,0
2019-05-17,1.5724,1.6006,1.5724,1.5912,210043,0.0,0
2019-05-20,1.5912,1.5912,1.563,1.5818,108666,0.0,0
2019-05-21,1.5912,1.61,1.5818,1.5818,841100,0.0,0
2019-05-22,1.5912,1.6194,1.5912,1.6194,1044925,0.0,0
2019-05-23,1.6194,1.6289,1.61,1.6289,180090,0.0,0
2019-05-24,1.6289,1.6289,1.6194,1.6289,1048858,0.0,0
2019-05-27,1.6194,1.6477,1.6194,1.6477,2561059,0.0,0
2019-05-28,1.6477,1.6477,1.6383,1.6383,142871,0.0,0
2019-05-29,1.6383,1.6571,1.6383,1.6477,442291,0.0,0
2019-05-30,1.6383,1.6571,1.6383,1.6571,149602,0.0,0
2019-05-31,1.6571,1.6854,1.6571,1.6854,331603,0.0,0
2019-06-04,1.6854,1.6948,1.6665,1.6948,146165,0.0,0
2019-06-05,1.6948,1.6948,1.6759,1.6759,149919,0.0,0
2019-06-06,1.7134,1.7134,1.6658,1.6753,96737,0.01935,0
2019-06-07,1.6753,1.6753,1.6658,1.6658,54124,0.0,0
2019-06-10,1.6658,1.7134,1.6658,1.7134,62010,0.0,0
2019-06-11,1.6848,1.6944,1.6848,1.6848,191744,0.0,0
2019-06-12,1.6753,1.6944,1.6753,1.6944,48850,0.0,0
2019-06-13,1.6944,1.7039,1.6848,1.7039,98989,0.0,0
2019-06-14,1.7039,1.7134,1.6944,1.7134,172001,0.0,0
2019-06-17,1.7134,1.7134,1.7039,1.7134,159973,0.0,0
2019-06-18,1.7134,1.7134,1.7039,1.7134,226819,0.0,0
2019-06-19,1.7134,1.7324,1.7134,1.7324,213666,0.0,0
2019-06-20,1.7324,1.742,1.7229,1.742,1167462,0.0,0
2019-06-21,1.742,1.761,1.7324,1.761,191312,0.0,0
2019-06-24,1.7515,1.7705,1.7515,1.7515,128584,0.0,0
2019-06-25,1.7515,1.78,1.7515,1.78,233245,0.0,0
2019-06-26,1.7705,1.7705,1.7515,1.7515,185621,0.0,0
2019-06-27,1.7515,1.7705,1.7515,1.7705,47043,0.0,0
2019-06-28,1.761,1.78,1.761,1.78,32783,0.0,0
2019-07-01,1.7705,1.78,1.7705,1.78,64777,0.0,0
2019-07-02,1.78,1.7895,1.7705,1.7895,186830,0.0,0
2019-07-03,1.78,1.8086,1.78,1.8086,186035,0.0,0
2019-07-04,1.8086,1.8086,1.78,1.78,98987,0.0,0
2019-07-05,1.7895,1.7895,1.78,1.7895,109515,0.0,0
2019-07-08,1.7895,1.8086,1.7895,1.7991,51174,0.0,0
2019-07-09,1.7991,1.8086,1.7895,1.7991,132037,0.0,0
2019-07-10,1.7991,1.7991,1.7991,1.7991,129868,0.0,0
2019-07-11,1.7991,1.8086,1.7991,1.8086,273218,0.0,0
2019-07-12,1.7895,1.7895,1.78,1.78,88675,0.0,0
2019-07-15,1.7991,1.8086,1.7895,1.7991,300471,0.0,0
2019-07-16,1.7991,1.7991,1.78,1.78,654577,0.0,0
2019-07-17,1.7991,1.7991,1.7895,1.7991,146722,0.0,0
2019-07-18,1.7895,1.7991,1.7895,1.7991,29600,0.0,0
2019-07-19,1.7895,1.7895,1.78,1.78,597069,0.0,0
2019-07-22,1.7991,1.8181,1.7991,1.8181,123547,0.0,0
2019-07-23,1.8181,1.8181,1.8086,1.8181,521458,0.0,0
2019-07-24,1.8181,1.8276,1.7895,1.8086,402343,0.0,0
2019-07-25,1.8086,1.8276,1.8086,1.8086,146586,0.0,0
2019-07-26,1.8086,1.8181,1.7705,1.7705,100575,0.0,0
2019-07-29,1.7991,1.7991,1.78,1.78,48403,0.0,0
2019-07-30,1.8086,1.8086,1.7895,1.7991,52728,0.0,0
2019-07-31,1.7991,1.8086,1.78,1.7991,231616,0.0,0
2019-08-01,1.7895,1.8086,1.7895,1.8086,30592,0.0,0
2019-08-02,1.7895,1.8086,1.78,1.7991,65392,0.0,0
2019-08-05,1.7895,1.7991,1.78,1.7895,43415,0.0,0
2019-08-06,1.78,1.78,1.7705,1.78,44043,0.0,0
2019-08-07,1.78,1.8086,1.78,1.8086,79869,0.0,0
2019-08-08,1.7991,1.8086,1.7991,1.8086,64309,0.0,0
2019-08-09,1.8562,1.9038,1.8371,1.8371,40411,0.0,0
2019-08-12,1.8371,1.8752,1.8371,1.8752,27441,0.0,0
2019-08-13,1.8562,1.8657,1.8562,1.8562,426466,0.0,0
2019-08-14,1.8562,1.8562,1.8467,1.8467,94562,0.0,0
2019-08-15,1.8371,1.8371,1.8181,1.8371,66394,0.0,0
2019-08-16,1.8371,1.8467,1.8181,1.8181,69725,0.0,0
2019-08-19,1.8371,1.8562,1.8371,1.8562,32308,0.0,0
2019-08-20,1.8562,1.8752,1.8562,1.8562,39696,0.0,0
2019-08-21,1.8562,1.8943,1.8562,1.8657,59025,0.0,0
2019-08-22,1.8657,1.8657,1.8371,1.8371,115084,0.0,0
2019-08-23,1.8371,1.8371,1.8181,1.8181,76685,0.0,0
2019-08-26,1.7991,1.8086,1.7895,1.8086,62902,0.0,0
2019-08-27,1.8086,1.8181,1.7991,1.8181,112918,0.0,0
2019-08-28,1.8086,1.8181,1.7895,1.8181,56869,0.0,0
2019-08-29,1.8086,1.8181,1.8086,1.8181,127900,0.0,0
2019-08-30,1.8181,1.8276,1.8181,1.8276,473352,0.0,0
2019-09-02,1.8181,1.8276,1.8181,1.8276,113519,0.0,0
2019-09-03,1.8276,1.8562,1.8276,1.8467,59041,0.0,0
2019-09-04,1.8371,1.8467,1.8371,1.8467,67531,0.0,0
2019-09-05,1.8457,1.8553,1.8457,1.8553,130469,0.019,0
2019-09-06,1.8649,1.8745,1.8649,1.8745,104348,0.0,0
2019-09-09,1.8745,1.8842,1.8553,1.8842,50311,0.0,0
2019-09-10,1.8553,1.8938,1.8553,1.8842,96471,0.0,0
2019-09-11,1.8553,1.8842,1.8457,1.8842,129289,0.0,0
2019-09-12,1.8649,1.8745,1.8553,1.8649,35114,0.0,0
2019-09-13,1.8649,1.8745,1.8649,1.8745,235815,0.0,0
2019-09-16,1.8745,1.8842,1.8553,1.8553,37623,0.0,0
2019-09-17,1.8553,1.8649,1.8553,1.8649,162455,0.0,0
2019-09-18,1.8649,1.8649,1.8457,1.8553,129870,0.0,0
2019-09-19,1.8553,1.8745,1.8457,1.8457,106407,0.0,0
2019-09-20,1.8553,1.8553,1.8457,1.8553,115778,0.0,0
2019-09-23,1.8553,1.8553,1.8072,1.8072,284658,0.0,0
2019-09-24,1.8265,1.8457,1.8265,1.8265,151883,0.0,0
2019-09-25,1.8265,1.8361,1.8169,1.8361,57802,0.0,0
2019-09-26,1.8457,1.8553,1.8169,1.8169,132395,0.0,0
2019-09-27,1.8169,1.8169,1.8072,1.8072,537400,0.0,0
2019-09-30,1.8072,1.8265,1.8072,1.8265,122339,0.0,0
2019-10-01,1.8553,1.8553,1.8457,1.8457,43760,0.0,0
2019-10-02,1.8361,1.8457,1.8265,1.8265,63201,0.0,0
2019-10-03,1.8169,1.8265,1.8169,1.8169,154666,0.0,0
2019-10-04,1.8169,1.8265,1.8169,1.8169,143725,0.0,0
2019-10-07,1.8169,1.8457,1.8169,1.8457,43269,0.0,0
2019-10-08,1.8457,1.8649,1.8265,1.8265,65452,0.0,0
2019-10-09,1.8457,1.8457,1.8265,1.8265,84412,0.0,0
2019-10-10,1.8265,1.8361,1.8169,1.8169,65457,0.0,0
2019-10-11,1.8169,1.8169,1.7784,1.7784,82771,0.0,0
2019-10-14,1.7784,1.8265,1.7784,1.8265,99335,0.0,0
2019-10-15,1.8072,1.8265,1.8072,1.8169,69667,0.0,0
2019-10-16,1.8169,1.8649,1.8169,1.8649,58742,0.0,0
2019-10-17,1.8361,1.8745,1.8361,1.8649,63397,0.0,0
2019-10-18,1.8553,1.8553,1.8457,1.8553,65837,0.0,0
2019-10-21,1.8457,1.8649,1.8457,1.8649,33685,0.0,0
2019-10-22,1.8649,1.8745,1.8457,1.8649,74500,0.0,0
2019-10-23,1.8649,1.8745,1.8457,1.8457,57208,0.0,0
2019-10-24,1.8553,1.8553,1.8361,1.8361,100924,0.0,0
2019-10-25,1.8649,1.8649,1.8265,1.8361,61698,0.0,0
2019-10-29,1.8457,1.8745,1.8361,1.8649,283351,0.0,0
2019-10-30,1.8553,1.8553,1.8265,1.8553,249373,0.0,0
2019-10-31,1.8553,1.8553,1.8457,1.8553,142909,0.0,0
2019-11-01,1.8457,1.8553,1.8457,1.8457,232840,0.0,0
2019-11-04,1.8457,1.8457,1.8361,1.8361,109660,0.0,0
2019-11-05,1.8361,1.8361,1.8169,1.8169,112780,0.0,0
2019-11-06,1.8169,1.8169,1.8072,1.8072,1780949,0.0,0
2019-11-07,1.7976,1.7976,1.7784,1.7976,153834,0.0,0
2019-11-08,1.7976,1.7976,1.788,1.7976,63173,0.0,0
2019-11-11,1.7976,1.8169,1.788,1.8169,355099,0.0,0
2019-11-12,1.8361,1.8361,1.7784,1.7976,172982,0.0,0
2019-11-13,1.7976,1.8072,1.7784,1.7784,99386,0.0,0
2019-11-14,1.788,1.7976,1.788,1.788,147608,0.0,0
2019-11-15,1.7976,1.7976,1.7784,1.7784,166905,0.0,0
2019-11-18,1.788,1.8361,1.788,1.8361,103535,0.0,0
2019-11-19,1.8545,1.8545,1.8545,1.8545,0,0.019,0
2019-11-20,1.8448,1.8448,1.7186,1.7186,221700,0.0,0
2019-11-21,1.7283,1.7477,1.7283,1.738,168709,0.0,0
2019-11-22,1.738,1.7574,1.738,1.738,207525,0.0,0
2019-11-25,1.7477,1.7477,1.7186,1.7186,73148,0.0,0
2019-11-26,1.7283,1.7283,1.7089,1.7186,238349,0.0,0
2019-11-27,1.7186,1.7283,1.7089,1.7089,604090,0.0,0
2019-11-28,1.7186,1.7283,1.7186,1.7283,491197,0.0,0
2019-11-29,1.7283,1.7477,1.7283,1.7477,44641,0.0,0
2019-12-02,1.738,1.7671,1.738,1.7574,135449,0.0,0
2019-12-03,1.7574,1.7769,1.7477,1.7477,74797,0.0,0
2019-12-04,1.7574,1.7866,1.7574,1.7769,745962,0.0,0
2019-12-05,1.7769,1.7866,1.7769,1.7769,733819,0.0,0
2019-12-06,1.7769,1.7866,1.7769,1.7866,1303481,0.0,0
2019-12-09,1.7866,1.7866,1.7769,1.7769,658805,0.0,0
2019-12-10,1.7769,1.7866,1.7671,1.7866,96511,0.0,0
2019-12-11,1.7866,1.7866,1.7866,1.7866,335046,0.0,0
2019-12-12,1.7671,1.7769,1.7574,1.7769,201744,0.0,0
2019-12-13,1.7769,1.7769,1.7574,1.7671,473961,0.0,0
2019-12-16,1.7671,1.7671,1.7477,1.7574,64143,0.0,0
2019-12-17,1.7671,1.7671,1.7477,1.7574,362553,0.0,0
2019-12-18,1.7671,1.7671,1.7477,1.7671,237308,0.0,0
2019-12-19,1.7671,1.7671,1.7477,1.7574,850313,0.0,0
2019-12-20,1.7671,1.7671,1.7477,1.7574,464468,0.0,0
2019-12-23,1.7477,1.7574,1.7283,1.7283,85769,0.0,0
2019-12-24,1.7283,1.7574,1.7283,1.7574,83789,0.0,0
2019-12-25,1.7574,1.7574,1.7574,1.7574,0,0.0,0
2019-12-27,1.7574,1.7574,1.7574,1.7574,4497,0.0,0
2019-12-30,1.7574,1.7574,1.738,1.7477,33325,0.0,0
2019-12-31,1.7671,1.7671,1.7477,1.7671,151262,0.0,0
2020-01-03,1.7671,1.7671,1.7477,1.7574,5156,0.0,0
2020-01-06,1.7574,1.7574,1.7477,1.7477,143631,0.0,0
2020-01-07,1.7477,1.7574,1.7477,1.7477,53373,0.0,0
2020-01-08,1.7574,1.7574,1.7477,1.7477,216735,0.0,0
2020-01-09,1.7477,1.7574,1.738,1.7477,398436,0.0,0
2020-01-10,1.738,1.7477,1.738,1.738,50424,0.0,0
2020-01-13,1.738,1.7477,1.738,1.7477,170925,0.0,0
2020-01-14,1.738,1.7477,1.738,1.7477,36776,0.0,0
2020-01-15,1.738,1.7477,1.738,1.738,61542,0.0,0
2020-01-16,1.7477,1.7477,1.738,1.7477,109781,0.0,0
2020-01-17,1.738,1.7477,1.7283,1.738,54093,0.0,0
2020-01-20,1.7477,1.7477,1.738,1.7477,116771,0.0,0
2020-01-21,1.7477,1.7477,1.738,1.738,106901,0.0,0
2020-01-22,1.738,1.738,1.7283,1.7283,60590,0.0,0
2020-01-23,1.738,1.7477,1.738,1.7477,122748,0.0,0
2020-01-24,1.7477,1.7574,1.738,1.7477,1257171,0.0,0
2020-01-27,1.7574,1.7769,1.7574,1.7574,82009,0.0,0
2020-01-28,1.7574,1.7671,1.7574,1.7671,238885,0.0,0
2020-01-29,1.7671,1.7866,1.7671,1.7866,80031,0.0,0
2020-01-30,1.7866,1.7963,1.7866,1.7963,390382,0.0,0
2020-01-31,1.7866,1.8157,1.7866,1.8157,104405,0.0,0
2020-02-03,1.7866,1.8157,1.7866,1.7963,63310,0.0,0
2020-02-04,1.806,1.806,1.7963,1.7963,153907,0.0,0
2020-02-05,1.7963,1.806,1.7963,1.7963,247107,0.0,0
2020-02-07,1.7866,1.7866,1.7769,1.7769,44321,0.0,0
2020-02-10,1.7866,1.7866,1.7769,1.7866,80442,0.0,0
2020-02-11,1.7866,1.7866,1.7769,1.7866,274775,0.0,0
2020-02-12,1.7769,1.7866,1.7769,1.7866,131458,0.0,0
2020-02-13,1.7866,1.7866,1.7671,1.7671,79553,0.0,0
2020-02-14,1.7769,1.7866,1.7769,1.7769,100775,0.0,0
2020-02-17,1.7769,1.7769,1.7671,1.7769,33703,0.0,0
2020-02-18,1.7769,1.7963,1.7769,1.7769,103002,0.0,0
2020-02-19,1.7963,1.8157,1.7866,1.7963,210415,0.0,0
2020-02-20,1.7963,1.806,1.7866,1.806,91105,0.0,0
2020-02-21,1.7963,1.7963,1.7963,1.7963,67186,0.0,0
2020-02-24,1.806,1.806,1.7866,1.7866,90532,0.0,0
2020-02-25,1.7671,1.7866,1.7574,1.7671,101820,0.0,0
2020-02-26,1.7171,1.7662,1.7171,1.7662,120432,0.019,0
2020-02-27,1.7564,1.7662,1.7367,1.7367,100159,0.0,0
2020-02-28,1.7367,1.7367,1.7171,1.7269,106906,0.0,0
2020-03-02,1.7171,1.7171,1.668,1.7171,1319215,0.0,0
2020-03-03,1.7269,1.776,1.7269,1.7465,716252,0.0,0
2020-03-04,1.7269,1.7367,1.7269,1.7269,36734,0.0,0
2020-03-05,1.7367,1.7465,1.7269,1.7269,87601,0.0,0
2020-03-06,1.7269,1.7564,1.7269,1.7465,51195,0.0,0
2020-03-09,1.7269,1.7269,1.7171,1.7171,80217,0.0,0
2020-03-10,1.7171,1.7171,1.6582,1.6975,215746,0.0,0
2020-03-11,1.7171,1.7367,1.7171,1.7171,80126,0.0,0
2020-03-12,1.668,1.6975,1.6582,1.6582,93986,0.0,0
2020-03-13,1.5503,1.5994,1.5405,1.5405,263708,0.0,0
2020-03-16,1.462,1.5405,1.462,1.5012,308109,0.0,0
2020-03-17,1.5012,1.5503,1.4227,1.5503,734734,0.0,0
2020-03-18,1.5503,1.5994,1.5503,1.5503,211547,0.0,0
2020-03-19,1.5209,1.5209,1.4227,1.4227,451662,0.0,0
2020-03-20,1.4326,1.4816,1.4227,1.4816,70595,0.0,0
2020-03-23,1.4522,1.4718,1.3246,1.3639,128443,0.0,0
2020-03-24,1.3639,1.3933,1.3442,1.3835,939106,0.0,0
2020-03-25,1.4227,1.462,1.4129,1.4129,250592,0.0,0
2020-03-26,1.4227,1.4718,1.4227,1.4718,1182667,0.0,0
2020-03-27,1.4816,1.6386,1.4816,1.6092,689273,0.0,0
2020-03-30,1.6092,1.6288,1.5797,1.5896,291389,0.0,0
2020-03-31,1.5994,1.6288,1.5994,1.619,1669602,0.0,0
2020-04-01,1.6288,1.6288,1.5699,1.619,320604,0.0,0
2020-04-02,1.5797,1.6092,1.5699,1.6092,102491,0.0,0
2020-04-03,1.668,1.668,1.6092,1.6484,110628,0.0,0
2020-04-06,1.6484,1.6484,1.6092,1.6092,55165,0.0,0
2020-04-07,1.6484,1.6582,1.6386,1.6582,200267,0.0,0
2020-04-08,1.6582,1.6877,1.6582,1.668,108548,0.0,0
2020-04-09,1.6779,1.6975,1.6582,1.6582,571396,0.0,0
2020-04-14,1.6582,1.6779,1.6484,1.668,117141,0.0,0
2020-04-15,1.7073,1.7073,1.668,1.6877,175387,0.0,0
2020-04-16,1.6975,1.7073,1.6484,1.7073,159463,0.0,0
2020-04-17,1.7073,1.7662,1.6877,1.7465,207573,0.0,0
2020-04-20,1.7465,1.7564,1.7171,1.7269,72948,0.0,0
2020-04-21,1.7367,1.7367,1.7171,1.7171,87694,0.0,0
2020-04-22,1.7269,1.7269,1.7073,1.7171,734736,0.0,0
2020-04-23,1.7171,1.7269,1.7171,1.7171,377087,0.0,0
2020-04-24,1.7171,1.7465,1.6877,1.7171,209607,0.0,0
2020-04-28,1.7367,1.7367,1.7171,1.7367,224132,0.0,0
2020-04-29,1.7367,1.7367,1.7367,1.7367,0,0.0,0
2020-04-30,1.7171,1.7171,1.668,1.6779,1345831,0.0,0
2020-05-01,1.6779,1.6975,1.668,1.668,2180829,0.0,0
2020-05-04,1.6582,1.668,1.6484,1.668,236911,0.0,0
2020-05-05,1.6484,1.668,1.6288,1.668,465460,0.0,0
2020-05-06,1.668,1.668,1.6484,1.6582,267146,0.0,0
2020-05-07,1.6582,1.668,1.6386,1.6582,392736,0.0,0
2020-05-08,1.6582,1.668,1.6386,1.6582,1078343,0.0,0
2020-05-11,1.6582,1.668,1.6484,1.6582,209517,0.0,0
2020-05-12,1.668,1.6779,1.6582,1.6582,492321,0.0,0
2020-05-13,1.668,1.668,1.6582,1.668,761924,0.0,0
2020-05-14,1.6582,1.6779,1.6582,1.668,196378,0.0,0
2020-05-15,1.6779,1.6877,1.668,1.668,516238,0.0,0
2020-05-18,1.6779,1.6877,1.6582,1.6779,424044,0.0,0
2020-05-19,1.6877,1.6975,1.6779,1.6877,497569,0.0,0
2020-05-20,1.6877,1.6877,1.6779,1.6877,165513,0.0,0
2020-05-21,1.6779,1.6877,1.668,1.6877,220994,0.0,0
2020-05-22,1.6877,1.6877,1.668,1.6779,272738,0.0,0
2020-05-25,1.6779,1.6877,1.668,1.668,193150,0.0,0
2020-05-26,1.6779,1.6877,1.668,1.6779,316649,0.0,0
2020-05-27,1.6975,1.6975,1.6877,1.6975,278735,0.0,0
2020-05-28,1.6975,1.7073,1.6779,1.6779,500177,0.0,0
2020-05-29,1.6877,1.6975,1.6877,1.6975,127373,0.0,0
2020-06-02,1.6877,1.6975,1.6779,1.6779,239957,0.0,0
2020-06-03,1.6975,1.6975,1.668,1.668,267525,0.0,0
2020-06-04,1.6877,1.7269,1.6877,1.7269,736808,0.0,0
2020-06-05,1.7269,1.7465,1.7269,1.7269,234070,0.0,0
2020-06-08,1.7367,1.8152,1.7269,1.8152,116676,0.0,0
2020-06-09,1.825,1.825,1.7956,1.8054,315190,0.0,0
2020-06-10,1.7945,1.8441,1.7945,1.8342,403829,0.019,0
2020-06-11,1.8243,1.8243,1.8143,1.8143,348199,0.0,0
2020-06-12,1.7945,1.8044,1.7747,1.7945,278674,0.0,0
2020-06-15,1.7945,1.7945,1.7648,1.7846,289794,0.0,0
2020-06-16,1.7945,1.7945,1.7747,1.7747,398763,0.0,0
2020-06-17,1.7846,1.7945,1.7747,1.7846,399479,0.0,0
2020-06-18,1.7846,1.8243,1.7747,1.8243,413239,0.0,0
2020-06-19,1.8243,1.8342,1.7945,1.7945,2521357,0.0,0
2020-06-22,1.8044,1.8342,1.8044,1.8243,279185,0.0,0
2020-06-23,1.8044,1.8243,1.8044,1.8243,508442,0.0,0
2020-06-24,1.8243,1.8441,1.8243,1.8441,1649439,0.0,0
2020-06-25,1.8243,1.8243,1.7945,1.8243,120955,0.0,0
2020-06-26,1.8243,1.8243,1.7846,1.7945,825310,0.0,0
2020-06-29,1.7945,1.8243,1.7945,1.8243,775402,0.0,0
2020-06-30,1.8243,1.8243,1.7945,1.8243,458768,0.0,0
2020-07-01,1.8243,1.8342,1.8044,1.8044,926296,0.0,0
2020-07-02,1.8243,1.8243,1.8044,1.8143,788201,0.0,0
2020-07-03,1.8243,1.854,1.8243,1.8342,306571,0.0,0
2020-07-06,1.8243,1.8441,1.8143,1.8342,111652,0.0,0
2020-07-07,1.8441,1.8441,1.8243,1.8243,187692,0.0,0
2020-07-08,1.8441,1.854,1.8342,1.8441,419068,0.0,0
2020-07-09,1.8441,1.8441,1.8342,1.8342,1034708,0.0,0
2020-07-10,1.8342,1.8639,1.8342,1.8441,55029,0.0,0
2020-07-13,1.8639,1.8837,1.8342,1.8441,92737,0.0,0
2020-07-14,1.8639,1.9135,1.8639,1.8937,184307,0.0,0
2020-07-15,1.9234,1.9234,1.8937,1.9234,206540,0.0,0
2020-07-16,1.9234,1.9234,1.8441,1.9036,106001,0.0,0
2020-07-17,1.9036,2.0027,1.9036,1.9531,548075,0.0,0
2020-07-20,1.9631,1.9829,1.9135,1.9135,78414,0.0,0
2020-07-21,1.9234,1.9531,1.9036,1.9036,121943,0.0,0
2020-07-22,1.9234,1.9432,1.9135,1.9432,186235,0.0,0
2020-07-23,1.9432,1.973,1.9432,1.973,188047,0.0,0
2020-07-24,1.973,1.973,1.9234,1.9531,25251,0.0,0
2020-07-27,1.9531,1.973,1.9531,1.9531,94285,0.0,0
2020-07-28,1.9631,1.973,1.9531,1.9531,290265,0.0,0
2020-07-29,1.9631,1.973,1.9531,1.973,174723,0.0,0
2020-07-30,1.9631,1.9631,1.8937,1.9432,115032,0.0,0
2020-07-31,1.9432,1.973,1.9135,1.973,104981,0.0,0
2020-08-03,1.973,1.9829,1.9531,1.9531,196227,0.0,0
2020-08-04,1.9631,1.9928,1.9631,1.9829,412587,0.0,0
2020-08-05,2.0027,2.0126,1.9829,1.9829,327544,0.0,0
2020-08-06,1.9928,2.0027,1.9829,1.9928,118546,0.0,0
2020-08-07,1.9928,2.0225,1.9829,2.0027,597156,0.0,0
2020-08-10,2.0027,2.0027,1.9829,1.9928,673456,0.0,0
2020-08-11,1.9928,2.0027,1.9829,2.0027,425139,0.0,0
2020-08-12,1.9829,2.0027,1.9631,1.9631,222941,0.0,0
2020-08-13,1.9631,1.973,1.9631,1.973,215923,0.0,0
2020-08-14,1.973,2.0027,1.973,1.973,348159,0.0,0
2020-08-17,1.973,2.0126,1.973,2.0027,210511,0.0,0
2020-08-18,2.0027,2.0325,2.0027,2.0325,649318,0.0,0
2020-08-19,2.0325,2.0721,2.0325,2.0523,531805,0.0,0
2020-08-20,2.0523,2.0523,2.0027,2.0126,216954,0.0,0
2020-08-21,2.0225,2.0424,2.0126,2.0424,416738,0.0,0
2020-08-24,2.0523,2.0721,2.0424,2.0721,525278,0.0,0
2020-08-25,2.0721,2.1019,2.0622,2.0919,363570,0.0,0
2020-08-26,2.1019,2.1019,2.0622,2.082,248593,0.0,0
2020-08-27,2.1217,2.1217,2.1019,2.1118,223534,0.0,0
2020-08-28,2.1316,2.1613,2.1316,2.1613,669638,0.0,0
2020-08-31,2.1613,2.1812,2.1415,2.1812,438971,0.0,0
2020-09-01,2.1812,2.1812,2.1713,2.1812,234637,0.0,0
2020-09-02,2.1812,2.1812,2.1613,2.1812,498170,0.0,0
2020-09-03,2.1713,2.1911,2.1613,2.1812,687748,0.0,0
2020-09-04,2.1415,2.1713,2.1316,2.1713,178779,0.0,0
2020-09-07,2.1713,2.2208,2.1613,2.1911,184325,0.0,0
2020-09-08,2.201,2.2208,2.201,2.2109,54940,0.0,0
2020-09-09,2.2109,2.2208,2.1514,2.2208,337011,0.0,0
2020-09-10,2.2109,2.2208,2.1911,2.1911,268186,0.0,0
2020-09-11,2.1911,2.2208,2.1911,2.2208,112444,0.0,0
2020-09-14,2.2208,2.2208,2.1911,2.2109,115912,0.0,0
2020-09-15,2.201,2.2109,2.1911,2.201,60567,0.0,0
2020-09-16,2.2,2.22,2.17,2.17,83448,0.019,0
2020-09-17,2.17,2.2,2.16,2.17,57967,0.0,0
2020-09-18,2.2,2.2,2.15,2.15,209633,0.0,0
2020-09-21,2.2,2.2,2.14,2.14,167222,0.0,0
2020-09-22,2.15,2.15,2.11,2.15,253961,0.0,0
2020-09-23,2.18,2.19,2.17,2.17,190746,0.0,0
2020-09-24,2.17,2.17,2.15,2.17,109914,0.0,0
2020-09-25,2.19,2.19,2.16,2.18,110591,0.0,0
2020-09-28,2.15,2.17,2.15,2.17,224702,0.0,0
2020-09-29,2.18,2.18,2.16,2.16,81030,0.0,0
2020-09-30,2.16,2.21,2.16,2.21,283135,0.0,0
2020-10-01,2.2,2.22,2.2,2.22,19473,0.0,0
2020-10-02,2.24,2.24,2.19,2.19,84963,0.0,0
2020-10-05,2.2,2.2,2.19,2.19,46838,0.0,0
2020-10-06,2.2,2.22,2.18,2.21,91143,0.0,0
2020-10-07,2.21,2.21,2.18,2.21,864633,0.0,0
2020-10-08,2.2,2.22,2.19,2.22,817765,0.0,0
2020-10-09,2.22,2.29,2.22,2.23,265757,0.0,0
2020-10-12,2.24,2.28,2.24,2.28,288860,0.0,0
2020-10-13,2.26,2.29,2.26,2.27,136010,0.0,0
2020-10-14,2.27,2.28,2.26,2.27,546929,0.0,0
2020-10-15,2.26,2.27,2.26,2.26,119216,0.0,0
2020-10-16,2.27,2.27,2.25,2.25,284088,0.0,0
2020-10-19,2.25,2.25,2.22,2.23,115208,0.0,0
2020-10-20,2.24,2.27,2.23,2.27,108825,0.0,0
2020-10-21,2.27,2.27,2.25,2.26,1096291,0.0,0
2020-10-22,2.26,2.27,2.22,2.26,140474,0.0,0
2020-10-23,2.25,2.28,2.23,2.26,133870,0.0,0
2020-10-27,2.26,2.27,2.24,2.24,74444,0.0,0
2020-10-28,2.26,2.26,2.23,2.23,865072,0.0,0
2020-10-29,2.22,2.23,2.22,2.22,71197,0.0,0
2020-10-30,2.21,2.23,2.21,2.23,151960,0.0,0
2020-11-02,2.23,2.23,2.2,2.22,86423,0.0,0
2020-11-03,2.2,2.23,2.2,2.22,256716,0.0,0
2020-11-04,2.21,2.22,2.2,2.22,142458,0.0,0
2020-11-05,2.23,2.23,2.21,2.22,144457,0.0,0
2020-11-06,2.22,2.23,2.21,2.22,129225,0.0,0
2020-11-09,2.23,2.23,2.2,2.21,712020,0.0,0
2020-11-10,2.25,2.26,2.21,2.21,90924,0.0,0
